{
  "todos": [
    {
      "name": "ide na ryby",
      "status": false,
      "id": 1
    },
    {
      "name": "ide na grzyby",
      "status": false,
      "id": 2
    },
    {
      "name": "ide na piwko",
      "status": false,
      "id": 3
    },
    {
      "name": "ide na 2 piwko",
      "status": false,
      "id": 4
    },
    {
      "name": "ide na brona",
      "status": false,
      "id": 5
    },
    {
      "name": "ide na bronadsa",
      "status": false,
      "id": 6
    },
    {
      "name": "as",
      "status": false,
      "id": 7
    },
    {
      "name": "a",
      "status": false,
      "id": 8
    },
    {
      "name": "s",
      "status": false,
      "id": 9
    },
    {
      "name": "sda",
      "status": false,
      "id": 10
    },
    {
      "name": "s",
      "status": false,
      "id": 11
    },
    {
      "name": "a",
      "status": false,
      "id": 12
    },
    {
      "name": "sd",
      "status": false,
      "id": 13
    }
  ]
}